evaluator,gpt-4o-mini,gpt-4.1-mini,gpt-4o,gpt-4.1,haiku-3.5,sonnet-3.7,sonnet-4.5,opus-4.1,gemini-2.0-flash-lite,gemini-2.0-flash,gemini-2.5-flash,gemini-2.5-pro,ll-3.1-8b,ll-3.1-70b,ll-3.1-405b,qwen-2.5-7b,qwen-2.5-72b,qwen-3.0-80b,deepseek-3.0,deepseek-3.1
gpt-4o-mini,,-0.20657894736842103,0.09999999999999998,-0.05263157894736842,-0.19999999999999996,0.09868421052631571,-0.05921052631578949,,-0.22368421052631582,-0.0013157894736842701,0.06710526315789467,0.043421052631578916,-0.14210526315789473,0.10263157894736846,,0.04999999999999999,0.12368421052631573,-0.1907894736842106,,0.09868421052631571
gpt-4.1-mini,0.5473684210526316,,0.6486842105263158,0.25131578947368416,0.22105263157894728,0.6697368421052632,0.2736842105263157,,0.22236842105263166,0.6486842105263158,0.3223684210526316,0.3302631578947368,0.09736842105263166,0.5723684210526316,,0.5236842105263158,0.6960526315789473,0.2157894736842105,,0.775
gpt-4o,-0.047368421052631504,-0.3355263157894737,,-0.15526315789473694,-0.45131578947368434,0.0,-0.13157894736842107,,-0.2947368421052632,-0.09868421052631582,-0.05789473684210533,-0.2039473684210527,-0.10921052631578954,-0.046052631578947345,,-0.018421052631579005,0.15657894736842104,-0.006578947368421073,,-0.0013157894736842701
gpt-4.1,-0.021052631578947323,-0.09999999999999998,0.003947368421052699,,-0.2986842105263158,0.10131578947368419,0.07500000000000001,,-0.32105263157894737,-0.16973684210526319,0.04999999999999999,-0.125,-0.007894736842105288,0.06052631578947365,,-0.16710526315789465,-0.047368421052631504,-0.17500000000000004,,0.0776315789473685
haiku-3.5,-0.050000000000000044,-0.12894736842105275,0.12763157894736848,0.125,,0.2,0.25,,-0.09868421052631582,0.07894736842105265,0.15000000000000002,0.125,-0.13815789473684215,0.02763157894736845,,0.10131578947368419,0.12631578947368416,0.2973684210526316,,0.3
sonnet-3.7,0.443421052631579,0.27894736842105267,0.13421052631578945,0.2802631578947368,0.256578947368421,,-0.050000000000000044,,0.06447368421052635,0.1657894736842105,0.2526315789473685,-0.1657894736842105,0.5460526315789472,0.31710526315789467,,0.3723684210526317,0.0052631578947368585,-0.042105263157894646,,0.38815789473684215
sonnet-4.5,0.5223684210526316,0.518421052631579,0.31842105263157894,0.5973684210526317,0.44605263157894726,0.3907894736842105,,,0.17236842105263162,0.3460526315789473,0.21447368421052637,-0.21447368421052637,0.39797297297297307,0.3671052631578947,,0.17500000000000004,0.2973684210526316,0.046052631578947234,,0.5
opus-4.1,,,,,,,,,,,,,,,,,,,,
gemini-2.0-flash-lite,0.18289473684210533,-0.2881578947368422,0.22763157894736846,-0.0368421052631579,0.08684210526315783,0.2921052631578947,0.10921052631578941,,,0.2460526315789473,0.0717105263157894,0.16447368421052633,0.11315789473684212,0.20131578947368417,,0.5131578947368421,0.5131578947368421,0.0907894736842105,,0.506578947368421
gemini-2.0-flash,-0.018421052631579005,-0.38684210526315793,0.02631578947368418,-0.23815789473684218,-0.15000000000000002,-0.08157894736842108,-0.2171052631578948,,-0.2348684210526315,,0.07828947368421052,-0.06184210526315792,-0.21973684210526312,-0.050000000000000044,,0.08157894736842097,-0.023684210526315863,-0.06184210526315792,,0.3578947368421053
gemini-2.5-flash,-0.05263157894736836,-0.21447368421052637,0.07105263157894726,-0.26578947368421046,0.0,0.19999999999999996,-0.28026315789473694,,-0.07894736842105277,0.10723684210526307,,0.43026315789473685,-0.05263157894736836,-0.05526315789473679,,0.048684210526315774,0.09736842105263166,0.025000000000000022,,0.06973684210526321
gemini-2.5-pro,0.0,-0.13157894736842102,0.0,-0.05263157894736836,0.0,0.0,-0.3157894736842105,,0.0,-0.013815789473684226,-0.24342105263157898,,0.0,0.0,,0.0,0.0,-0.03289473684210531,,0.022368421052631593
ll-3.1-8b,0.1697368421052631,-0.04210526315789481,0.34736842105263155,0.03684210526315779,0.18815789473684208,0.2657894736842105,0.1868421052631578,,0.1947368421052631,0.3460526315789473,0.2131578947368421,0.2921052631578947,,0.24736842105263157,,0.3197368421052631,0.3710526315789473,0.08157894736842099,,0.2671052631578947
ll-3.1-70b,-0.12631578947368427,-0.2302631578947369,0.023684210526315697,-0.0013157894736842701,-0.12763157894736837,0.04736842105263156,-0.031578947368421095,,-0.275,-0.125,-0.003947368421052699,-0.03026315789473688,-0.27368421052631586,,,0.051315789473684204,0.04868421052631572,0.04868421052631572,,0.09999999999999998
ll-3.1-405b,,,,,,,,,,,,,,,,,,,,
qwen-2.5-7b,-0.125,-0.19999999999999996,-0.025000000000000022,-0.09999999999999998,-0.275,0.0,0.0,,-0.30000000000000004,-0.09999999999999998,0.0,0.025000000000000022,-0.42500000000000004,-0.07499999999999996,,,-0.025000000000000022,-0.026315789473684292,,0.0
qwen-2.5-72b,-0.09736842105263155,-0.3855263157894737,-0.051315789473684315,-0.20657894736842103,-0.1723684210526315,-0.05263157894736842,-0.08026315789473687,,-0.3460526315789474,-0.17368421052631577,-0.07894736842105271,-0.13026315789473691,-0.13421052631578945,0.08289473684210535,,0.006578947368421018,,-0.05394736842105269,,0.15394736842105267
qwen-3.0-80b,0.12105263157894719,-0.2973684210526315,0.06973684210526321,-0.09342105263157896,0.013157894736842146,-0.011842105263157876,0.08157894736842097,,0.1986842105263158,0.2723684210526316,0.18552631578947365,0.10789473684210527,0.025000000000000022,0.2723684210526316,,0.24736842105263168,0.09078947368421053,,,0.09078947368421053
deepseek-3.0,,,,,,,,,,,,,,,,,,,,
deepseek-3.1,-0.03421052631578947,-0.668421052631579,-0.042105263157894646,-0.4407894736842106,-0.1868421052631578,-0.023684210526315863,-0.16973684210526324,,-0.23947368421052628,-0.19605263157894737,-0.06315789473684219,-0.11578947368421058,-0.02894736842105272,0.11447368421052628,,0.06973684210526321,0.19210526315789467,-0.0710526315789474,,
